username,password,email,address,phoneNumber
Jonas Delaney,HTF64WTQ1GD,jonasdelaney6577@yahoo.net,929-2553 Posuere St.,(582) 241-0763
Diana Schroeder,TQU62BYY8IC,dianaschroeder9326@hotmail.ca,355-419 Neque. Road,(607) 116-4224
Hop Rush,KLQ76MLP5KX,hoprush3504@hotmail.org,936-1306 Arcu Rd.,(752) 321-8892
Zeus Finch,IQG84IVV1TJ,zeusfinch@yahoo.org,139-9140 Leo. Road,(652) 409-5745
Wyatt Cherry,RYP17UKK4IG,wyattcherry6084@outlook.edu,Ap #533-8562 Dapibus St.,1-863-377-1445
Carissa Leon,AJT57UUN6YC,carissaleon@hotmail.couk,"P.O. Box 759, 1587 Aliquam Road",1-673-764-4478
Arden Roberson,WOB74QBV6CR,ardenroberson5431@icloud.net,Ap #405-9835 Vitae Rd.,1-504-684-8803
Ferdinand Brock,DJZ31FXE9XE,ferdinandbrock2077@outlook.couk,366-2793 Nisi. Avenue,1-283-254-1077
Tyler Roman,PCD69HPO0YW,tylerroman6357@aol.org,"P.O. Box 364, 4487 Interdum. Rd.",(553) 364-6118
Felix Hebert,IWO57WZC8WB,felixhebert@aol.net,"Ap #753-1373 Adipiscing, Rd.",1-759-843-6563
Hop Cannon,CQI54DVP6GG,hopcannon4716@icloud.com,"628-4488 Enim, Street",(836) 643-4374
Amanda Allison,XDB07RPS2VS,amandaallison6279@aol.edu,"P.O. Box 352, 6161 Quam Av.",(163) 255-7886
Steel Evans,UTN02DER4OE,steelevans@google.com,Ap #215-4270 Nascetur St.,(763) 773-6934
Rhiannon Stanton,BQB73RDQ2BA,rhiannonstanton@aol.edu,Ap #602-6133 Cras Rd.,(130) 895-0210
Gage Barker,DDS15NWG5OK,gagebarker@google.ca,408-8415 Sem Road,(774) 372-7639
Kato Payne,LUS41PWM2ZJ,katopayne@hotmail.com,"P.O. Box 479, 6549 Suspendisse Road",1-236-458-3785
Hilel Cervantes,VJC51ZOQ2SK,hilelcervantes@hotmail.ca,765-6799 Turpis. Road,(287) 271-8593
Rajah Mays,DES17BKB4DF,rajahmays2596@yahoo.net,Ap #164-119 Congue. Road,(484) 354-2101
Imelda Daniels,KNP45LLP7HR,imeldadaniels6077@protonmail.com,Ap #350-6949 Eget Ave,1-509-461-1011
Ray Hatfield,DUW12QVK8CO,rayhatfield3759@icloud.org,7870 A Rd.,(212) 863-2610
